GP G GENERATION;GPG;GP G SV GENERATION SERVICE;SPG05A;2022-10-19T09:10:22.841Z
GP I INDUSTRIAL APPLICATIONS;GPI;GP I SCD INDAPPLIC.SERV.CONTROLS&DIGITAL;SPG067;2022-10-19T09:10:22.841Z
CF FINANCING - TRE SCU;TRE;CF F CENTRAL ITEMS / HEADQUARTER;TRE030;2022-10-19T09:10:22.841Z
POC SL;CMP;POC SL TECHNICAL;CMPTEC;2022-10-19T09:10:22.841Z
SHS HEALTHINEERS;HSC;SHS DIAGNOSTICS GOODWILL;HSCDGO;2022-10-19T09:10:22.841Z
CORPORATE ITEMS;CIE;LAWSUIT;CIT795;2022-10-19T09:10:22.841Z
CORPORATE ITEMS;CIE;REORG COSTS FINANCIAL REPORTING;CIT420;2022-10-19T09:10:22.841Z
GP I INDUSTRIAL APPLICATIONS;GPI;GP I SV INDAPPLIC AND DISTRIBGEN SERVICE;SPG066;2022-10-19T09:10:22.841Z
SHS HEALTHINEERS;HSC;SHS US ULTRASOUND;HSC004;2022-10-19T09:10:22.841Z
POC PORTFOLIO COMPANIES OTHER;SPC;POC OTH COMMERCIAL VEHICLES;SPC020;2022-10-19T09:10:22.841Z
CORPORATE DEVELOPMENT OTHER;CDO;IT CENTRAL;CDO300;2022-10-19T09:10:22.841Z
SI SMART INFRASTRUCTURE;SSI;SI BP BUILDING PRODUCTS;SSI055;2022-10-19T09:10:22.841Z
CF FINANCING - PENSIONS;PEN;PEN FONDS INVEST UND PRIVATE EQUITY;PEN006;2022-10-19T09:10:22.841Z
CORPORATE ITEMS;CIE;OLKILUOTO;CIT091;2022-10-19T09:10:22.841Z
TCF - TRE SCU;ETR;TCF TRE TREASURY;ETR039;2022-10-19T09:10:22.841Z
POC PORTFOLIO COMPANIES OTHER;SPC;POC OTH CENTRAL ITEMS;SPC999;2022-10-19T09:10:22.841Z
CORPORATE ITEMS;CIE;RESERVE 603;CIT603;2022-10-19T09:10:22.841Z
CORPORATE DEVELOPMENT OTHER;CDO;RESERVE CDO340;CDO340;2022-10-19T09:10:22.841Z
CORPORATE ITEMS;CIE;GWYNT-Y-MOR C/O;CIT065;2022-10-19T09:10:22.841Z
TCF, PDI, PCF;GPF;FS CI SPGFS CENTRAL ITEMS;SPGF99;2022-10-19T09:10:22.841Z
TCF, PDI, PCF;GPF;PDI PROJECT DEVELOPMENT AND INVESTMENT;SPG082;2022-10-19T09:10:22.841Z
CF FINANCING - TRE SCU;TRE;CF F INS INSURANCE;TRE036;2022-10-19T09:10:22.841Z
GLOBAL BUSINESS SERVICES;GBS;GBS OPERATIONS - DIGITAL SOLUTIONS;GBS800;2022-10-19T09:10:22.841Z
SIEMENS ENERGY ASSETS;SER;SEA G SE GENERATION SERVICE;SER018;2022-10-19T09:10:22.841Z
CORPORATE ITEMS;CIE;PERSONALRESTRUKTURIERUNG INFRASTRUKTUR;CIT750;2022-10-19T09:10:22.841Z
SIEMENS ENERGY ASSETS;SER;SEA CI GOODWILL CENTRAL ITEMS;SERCGO;2022-10-19T09:10:22.841Z
SIEMENS ENERGY ASSETS;SER;SEA T CI TRANSMISSION CENTRAL ITEMS;SER99T;2022-10-19T09:10:22.841Z
SIEMENS ENERGY ASSETS;SER;SEA FS&T PDI&PF PDI, PROJECT FINANCING;SER042;2022-10-19T09:10:22.841Z
POC PORTFOLIO COMPANIES OTHER;SPC;POC OTH SYCATEC;SPC040;2022-10-19T09:10:22.841Z
CORPORATE DEVELOPMENT OTHER;CDO;CYBER SECURITY;CDO500;2022-10-19T09:10:22.841Z
CORPORATE ITEMS;CIE;SPEZIAL CFR 2 - U;CIT803;2022-10-19T09:10:22.841Z
SIEMENS ENERGY ASSETS;SER;SEA CORPORATE CORE SERVICES (INCL. AFR.);SER998;2022-10-19T09:10:22.841Z
CORPORATE ITEMS;CIE;KOSTENÜBERNAHME INFRASTRUKTUR;CIT751;2022-10-19T09:10:22.841Z
SIEMENS SRE ESTATE MANAGEMENT;SRE;SRE OTHERS;SRE999;2022-10-19T09:10:22.841Z
SIEMENS ENERGY ASSETS;SER;SEA T PR TRANSMISSION PRODUCTS;SER031;2022-10-19T09:10:22.841Z
CORPORATE ITEMS;CIE;SPARK BREEZE;CIT086;2022-10-19T09:10:22.841Z
CORPORATE ITEMS;CIE;PIONEER;CIT079;2022-10-19T09:10:22.841Z
CORPORATE ITEMS;CIE;MAP <=50% SHARE;CIT068;2022-10-19T09:10:22.841Z
POC SL;CMP;POC SL CENTRAL ITEMS;CMP999;2022-10-19T09:10:22.841Z
CORPORATE ITEMS;CIE;CIT TECHNICAL;CITTEC;2022-10-19T09:10:22.841Z
CORPORATE ITEMS;CIE;FOKUS;CIT069;2022-10-19T09:10:22.841Z
CORPORATE DEVELOPMENT OTHER;CDO;IT COUNTRY SUPPORT FUNCTIONS;CDO310;2022-10-19T09:10:22.841Z
CF FINANCING - PENSIONS;PEN;PEN TECHNICAL;PENTEC;2022-10-19T09:10:22.841Z
FINANCIAL SERVICES;SFS;FINANCIAL SERVICES DIV NO ASSIGNED BU;SFSZZZ;2022-10-19T09:10:22.841Z
ADVANTA;IOT;ADVANTA TECHNICAL;IOTTEC;2022-10-19T09:10:22.841Z
GP I INDUSTRIAL APPLICATIONS;GPI;GP I CONS INDUSTRIAL APPLICATIONS;SPGOCO;2022-10-19T09:10:22.841Z
CORPORATE ITEMS;CIE;VALEO SIEMENS EAUTOMOTIVE;CIT067;2022-10-19T09:10:22.841Z
GP G GENERATION;GPG;GP G SO SOLUTIONS;SPG052;2022-10-19T09:10:22.841Z
GP T TRANSMISSION;GPT;GP T CONS TRANSMISSION;SPGTCO;2022-10-19T09:10:22.841Z
SHS HEALTHINEERS;HSC;SHS THERAPY GOODWILL;HSCAGO;2022-10-19T09:10:22.841Z
SIEMENS ENERGY ASSETS;SER;SEA I GOODWILL OIL&GAS;SEROGO;2022-10-19T09:10:22.841Z
CORPORATE ITEMS;CIE;RESERVE 807;CIT807;2022-10-19T09:10:22.841Z
DI DIGITAL INDUSTRIES;SDI;DI PA PROCESS AUTOMATION;SDI060;2022-10-19T09:10:22.841Z
GP T TRANSMISSION;GPT;GP T NP NON-SWITCHING PRODUCTS & SYSTEMS;SPG071;2022-10-19T09:10:22.841Z
GLOBAL BUSINESS SERVICES;GBS;GBS PASS THROUGH ITEMS (PTI);GBS990;2022-10-19T09:10:22.841Z
SHS HEALTHINEERS;HSC;SHS CI CENTRAL ITEMS;HSC999;2022-10-19T09:10:22.841Z
GLOBAL BUSINESS SERVICES;GBS;GBS OPERATIONS - PROJECT SERVICES;GBS900;2022-10-19T09:10:22.841Z
ADVANTA;IOT;ADVANTA CONSULTING;IOT100;2022-10-19T09:10:22.841Z
CORPORATE DEVELOPMENT OTHER;CDO;CDO TECHNICAL;CDOTEC;2022-10-19T09:10:22.841Z
GLOBAL BUSINESS SERVICES;GBS;GBS MANAGEMENT & SUPPORT FUNCTIONS;GBS100;2022-10-19T09:10:22.841Z
CORPORATE ITEMS;CIE;RESERVE 806;CIT806;2022-10-19T09:10:22.841Z
POC PORTFOLIO COMPANIES OTHER;SPC;POC OTH. SONST. BETEILIGUNGEN;SPC090;2022-10-19T09:10:22.841Z
CORPORATE ITEMS;ECI;SE CENTRAL COSTS;CIT005;2022-10-19T09:10:22.841Z
TCF, PDI, PCF;GPF;TCF, PDI, PCF DIV NO ASSIGNED BU;GPFZZZ;2022-10-19T09:10:22.841Z
CORPORATE ITEMS;CIE;RESERVE 330;CIT330;2022-10-19T09:10:22.841Z
GP T TRANSMISSION;GPT;GP T TRANSMISSION DIV NO ASSIGNED BU;GPTZZZ;2022-10-19T09:10:22.841Z
CF FINANCING - TRE SCU;TRE;TRE ENERGY DO;TREEDO;2022-10-19T09:10:22.841Z
CF FINANCING - PENSIONS;PEN;PEN CALIFORNIA DO;PEN004;2022-10-19T09:10:22.841Z
GP G GENERATION;GPG;GP G CONS;SPGGCO;2022-10-19T09:10:22.841Z
SE CF, GP CI;GPC;SE COL CARVE OUT & LISTING PROJECT;SPG993;2022-10-19T09:10:22.841Z
CF FINANCING - TRE SCU;TRE;CF FINANCING - TRE SCU DIV NO ASSIGNED BU;TREZZZ;2022-10-19T09:10:22.841Z
CORPORATE ITEMS;CIE;RESIDUAL PARTICIPATION ACTIVITIES;CIT602;2022-10-19T09:10:22.841Z
SIEMENS ENERGY ASSETS;SER;SEA G PR&SO PRODUCTS&SOLUTIONS;SER012;2022-10-19T09:10:22.841Z
CORPORATE ITEMS;CIE;GIS/NATIONAL GRID;CIT732;2022-10-19T09:10:22.841Z
SHS HEALTHINEERS;HSC;SHS PV POWER & VACUUM TECHNIC;HSC011;2022-10-19T09:10:22.841Z
EXTERNAL/NOCONS;EZZ;EXTERNAL/NOCONS DIV NO ASSIGNED BU;EZZZZZ;2022-10-19T09:10:22.841Z
SIEMENS ENERGY ASSETS;SER;SEA CI CENTRAL ITEMS;SER999;2022-10-19T09:10:22.841Z
SIEMENS ENERGY ASSETS;SER;SEA POWERHOUSE;SER993;2022-10-19T09:10:22.841Z
SIEMENS ENERGY ASSETS;SER;SEA DO;SEREDO;2022-10-19T09:10:22.841Z
CORPORATE ITEMS;CIE;HANAU (BRD);CIT090;2022-10-19T09:10:22.841Z
CORPORATE ITEMS;CIE;RESERVE 093;CIT093;2022-10-19T09:10:22.841Z
SI SMART INFRASTRUCTURE;SSI;SI SMART INFRASTRUCTURE DIV NO ASSIGNED BU;SSIZZZ;2022-10-19T09:10:22.841Z
SI SMART INFRASTRUCTURE;SSI;SI CENTRAL ITEMS;SSI999;2022-10-19T09:10:22.841Z
CORPORATE ITEMS;CIE;POSTAL, PARCEL & AIRPORT LOGISTICS;CIT063;2022-10-19T09:10:22.841Z
CORPORATE ITEMS;CIE;2ND LIFE;CIT183;2022-10-19T09:10:22.841Z
CORPORATE ITEMS;CIE;CORONA SPECIAL PAYMENT;CIT805;2022-10-19T09:10:22.841Z
DI DIGITAL INDUSTRIES;SDI;DI ENERGY DO;SDIEDO;2022-10-19T09:10:22.841Z
CORPORATE ITEMS;CIE;RESERVE 736;CIT736;2022-10-19T09:10:22.841Z
CF FINANCING - PENSIONS;PEN;PEN FLENDER DO;PENFDO;2022-10-19T09:10:22.841Z
SHS HEALTHINEERS;HSC;SHS IMAGING GOODWILL;HSCIGO;2022-10-19T09:10:22.841Z
CORPORATE DEVELOPMENT OTHER;CDO;CDO ENERGY DO;CDOEDO;2022-10-19T09:10:22.841Z
CORPORATE ITEMS;CIE;LEGAL & REGULATORY SPAIN;CIT735;2022-10-19T09:10:22.841Z
SIEMENS SRE ESTATE MANAGEMENT;SRE;SRE INTERNATIONAL;SRE002;2022-10-19T09:10:22.841Z
GP T TRANSMISSION;GPT;GP T SP SWITCHING PRODUCTS & SYSTEMS;SPG070;2022-10-19T09:10:22.841Z
CORPORATE ITEMS;CIE;RESERVE 350;CIT350;2022-10-19T09:10:22.841Z
CORPORATE ITEMS;CIE;CVC REMAINING;CIT066;2022-10-19T09:10:22.841Z
CORPORATE ITEMS;CIE;PROJEKT KAPPA;CIT181;2022-10-19T09:10:22.841Z
SE CF, GP CI;GPC;GP SV CENTRAL;SPG99S;2022-10-19T09:10:22.841Z
CORPORATE ITEMS;CIE;RESERVE 611;CIT611;2022-10-19T09:10:22.841Z
CORPORATE ITEMS;CIE;SETTLEMENT GRIECHENLAND;CIT207;2022-10-19T09:10:22.841Z
SMO MOBILITY;SMO;SMO RS ROLLING STOCK;SMO060;2022-10-19T09:10:22.841Z
TCF, PDI, PCF;GPF;TCF TREASURY & CORPORATE FINANCE;SPG081;2022-10-19T09:10:22.841Z
FINANCIAL SERVICES;SFS;SFS CENTRAL ITEMS / HEADQUARTER;SFS038;2022-10-19T09:10:22.841Z
GLOBAL BUSINESS SERVICES;GBS;GBS BUSINESS SOLUTIONS & SERVICES;GBS600;2022-10-19T09:10:22.841Z
CORPORATE DEVELOPMENT OTHER;CDO;STRATEGY CENTRAL;CDO200;2022-10-19T09:10:22.841Z
SE CF, GP CI;GPC;SPGCI CONS;SPGCCO;2022-10-19T09:10:22.841Z
CORPORATE ITEMS;CIE;FB RESTRUCTURING COSTS;CIT753;2022-10-19T09:10:22.841Z
CORPORATE ITEMS;ECI;CORPORATE ITEMS DIV NO ASSIGNED BU;ECIZZZ;2022-10-19T09:10:22.841Z
SHS HEALTHINEERS;HSC;SHS THERAPY CONS;HSCACO;2022-10-19T09:10:22.841Z
DI DIGITAL INDUSTRIES;SDI;DI FA FACTORY AUTOMATION;SDI010;2022-10-19T09:10:22.841Z
CORPORATE ITEMS;CIE;COUNTRY SUPPORT FUNCTIONS;CIT410;2022-10-19T09:10:22.841Z
CORPORATE ITEMS;CIE;CIT ENERGY DO;CITEDO;2022-10-19T09:10:22.841Z
GLOBAL BUSINESS SERVICES;GBS;GBS OPERATIONS - DELIVERY MANAGEMENT;GBS700;2022-10-19T09:10:22.841Z
SHS HEALTHINEERS;HSC;SHS ES ENTERPRISE SERVICES;HSC008;2022-10-19T09:10:22.841Z
CORPORATE DEVELOPMENT OTHER;CDO;CORPORATE DEVELOPMENT OTHER DIV NO ASSIGNED BU;CDOZZZ;2022-10-19T09:10:22.841Z
CORPORATE ITEMS;CIE;EXPRESS;CIT073;2022-10-19T09:10:22.841Z
SIEMENS ENERGY ASSETS;SER;SEA TECHNICAL;SERTEC;2022-10-19T09:10:22.841Z
SIEMENS SRE ESTATE MANAGEMENT;SRE;SRE TECHNICAL;SRETEC;2022-10-19T09:10:22.841Z
GP G GENERATION;GPG;GP G CI CENTRAL ITEMS;SPGG99;2022-10-19T09:10:22.841Z
CORPORATE ITEMS;CIE;SE REMAINING TOPICS;CIT082;2022-10-19T09:10:22.841Z
CF FINANCING - PENSIONS;PEN;PEN AUDIOLOGIE DO;PEN005;2022-10-19T09:10:22.841Z
TCF - PENSIONS;EPN;PEN TECHNICAL;EPNTEC;2022-10-19T09:10:22.841Z
SIEMENS ENERGY ASSETS;SER;SEA G CONS;SERGCO;2022-10-19T09:10:22.841Z
SIEMENS ENERGY ASSETS;SER;SEA G GOODWILL GENERATION;SERGGO;2022-10-19T09:10:22.841Z
GLOBAL BUSINESS SERVICES;GBS;GBS OTHERS;GBS999;2022-10-19T09:10:22.841Z
GP GAS AND POWER;SPG;GP GAS AND POWER DIV NO ASSIGNED BU;SPGZZZ;2022-10-19T09:10:22.841Z
CORPORATE ITEMS;CIE;SETTLEMENT BRASILIEN;CIT792;2022-10-19T09:10:22.841Z
CORPORATE DEVELOPMENT OTHER;CDO;T INNOVATION FUND/MAC/SCIC;CDO012;2022-10-19T09:10:22.841Z
TCF, PDI, PCF;GPF;PCF PROJECT & CUSTOMER FINANCE;SPG083;2022-10-19T09:10:22.841Z
GLOBAL BUSINESS SERVICES;GBS;GBS TECHNICAL;GBSTEC;2022-10-19T09:10:22.841Z
CORPORATE ITEMS;CIE;RESERVE 714;CIT714;2022-10-19T09:10:22.841Z
CORPORATE ITEMS;CIE;BRAND FEE NOTCHARGED;CIT173;2022-10-19T09:10:22.841Z
SIEMENS ENERGY EQUITY INVESTMENT;SEE;SIEMENS ENERGY EQUITY INVESTMENT;SEE001;2022-10-19T09:10:22.841Z
CORPORATE ITEMS;CIE;PROFIT SHARING PLAN;CIT713;2022-10-19T09:10:22.841Z
CORPORATE ITEMS;CIE;OPTIONSANLEIHE OSRAM;CIT731;2022-10-19T09:10:22.841Z
SIEMENS ENERGY ASSETS;SER;SEA FS&T CONS TREASURY;SERFCO;2022-10-19T09:10:22.841Z
DUMMYBEREICH NOKONS;ZZZ;DUMMYBEREICH NOKONS DIV NO ASSIGNED BU;ZZZZZZ;2022-10-19T09:10:22.841Z
SIEMENS ENERGY ASSETS;SER;SEA CT CORPORATE TECHNOLOGY;SER992;2022-10-19T09:10:22.841Z
SE CF, GP CI;GPC;SE CF CORPORATE FUNCTIONS;SPG99Z;2022-10-19T09:10:22.841Z
CORPORATE ITEMS;CIE;AKTIENOPTIONEN;CIT710;2022-10-19T09:10:22.841Z
GP T TRANSMISSION;GPT;GP T SV TRANSMISSION SERVICE;SPG078;2022-10-19T09:10:22.841Z
SIEMENS ENERGY ASSETS;SER;SEA I PR OIL&GAS PRODUCTS;SER021;2022-10-19T09:10:22.841Z
FINANCIAL SERVICES;SFS;SFS TECHNICAL;SFSTEC;2022-10-19T09:10:22.841Z
SHS HEALTHINEERS;HSC;SHS CI GOODWILL;HSCCGO;2022-10-19T09:10:22.841Z
SIEMENS ENERGY ASSETS;SER;SIEMENS ENERGY ASSETS DIV NO ASSIGNED BU;SERZZZ;2022-10-19T09:10:22.841Z
SIEMENS ENERGY EQUITY INVESTMENT;SEE;SEE TECHNICAL;SEETEC;2022-10-19T09:10:22.841Z
CORPORATE ITEMS;CIE;SPEZIAL CFR 2 - B;CIT802;2022-10-19T09:10:22.841Z
POC SL;CMP;POC SL ENERGY DO;CMPEDO;2022-10-19T09:10:22.841Z
GP T TRANSMISSION;GPT;GP T GRID STABILIZATION;SPG074;2022-10-19T09:10:22.841Z
GLOBAL BUSINESS SERVICES;GBS;GBS PURCHASE-TO-PAY SERVICES;GBS400;2022-10-19T09:10:22.841Z
TCF - PENSIONS;EPN;PENSIONS;EPN001;2022-10-19T09:10:22.841Z
CORPORATE ITEMS;ECI;RESERVE 008;CIT008;2022-10-19T09:10:22.841Z
CORPORATE ITEMS;CIE;ZKD VERRECHNUNG;CIT210;2022-10-19T09:10:22.841Z
SIEMENS ENERGY ASSETS;SER;SEA FS&T PROJECT & EXPORT FINANCE;SER043;2022-10-19T09:10:22.841Z
CORPORATE ITEMS;CIE;BENTLEY SDI PEN;CIT610;2022-10-19T09:10:22.841Z
OO OTHER OPERATIONS;GPO;OI OTHER ITEMS;SPG991;2022-10-19T09:10:22.841Z
SIEMENS ENERGY ASSETS;SER;SEA FS&T GOODWILL TREASURY;SERFGO;2022-10-19T09:10:22.841Z
CORPORATE ITEMS;CIE;WELTBANK;CIT798;2022-10-19T09:10:22.841Z
CORPORATE DEVELOPMENT OTHER;CDO;T ATOS JOINT INVESTMENT AGREEMENT;CDO010;2022-10-19T09:10:22.841Z
CORPORATE DEVELOPMENT OTHER;CDO;IT TRANSFORMATION;CDO301;2022-10-19T09:10:22.841Z
SE CF, GP CI;GPC;RE REAL ESTATE;SPG99A;2022-10-19T09:10:22.841Z
SE CF, GP CI;GPC;GP CI CENTRAL ITEMS;SPG999;2022-10-19T09:10:22.841Z
GP I INDUSTRIAL APPLICATIONS;GPI;GP I CI INDUSTRIAL APPLIC. CENTRAL ITEMS;SPGO99;2022-10-19T09:10:22.841Z
SIEMENS ENERGY ASSETS;SER;SEA I SE OIL&GAS SERVICE;SER028;2022-10-19T09:10:22.841Z
CORPORATE ITEMS;CIE;NANTUCKET;CIT077;2022-10-19T09:10:22.841Z
SHS HEALTHINEERS;HSC;SHS MP MECHANICAL PRODUCTS;HSC010;2022-10-19T09:10:22.841Z
DI DIGITAL INDUSTRIES;SDI;DI CENTRAL ITEMS;SDI999;2022-10-19T09:10:22.841Z
CORPORATE DEVELOPMENT OTHER;CDO;CORPORATE SCM;CDO400;2022-10-19T09:10:22.841Z
SIEMENS ENERGY ASSETS;SER;SEA FS&T TREASURY;SER041;2022-10-19T09:10:22.841Z
FINANCIAL SERVICES;SFS;SFS PS DEBT EMEA/AA;SFS052;2022-10-19T09:10:22.841Z
CORPORATE ITEMS;CIE;GEHALTSEINBEHALT AUS AKTIENORIEN. VERG.;CIT712;2022-10-19T09:10:22.841Z
CORPORATE ITEMS;CIE;SHERPA X;CIT430;2022-10-19T09:10:22.841Z
TCF - PENSIONS;EPN;TCF - PENSIONS DIV NO ASSIGNED BU;EPNZZZ;2022-10-19T09:10:22.841Z
CF FINANCING - PENSIONS;PEN;CF FINANCING - PENSIONS DIV NO ASSIGNED BU;PENZZZ;2022-10-19T09:10:22.841Z
CORPORATE ITEMS;ECI;RESERVE 009;CIT009;2022-10-19T09:10:22.841Z
GP T TRANSMISSION;GPT;GP T HIGH VOLTAGE GRIDS;SPG073;2022-10-19T09:10:22.841Z
CORPORATE ITEMS;CIE;GOVERNANCE CENTRAL ROW;CIT320;2022-10-19T09:10:22.841Z
CORPORATE ITEMS;CIE;FINANZIERUNGSTHEMEN;CFI001;2022-10-19T09:10:22.841Z
SHS HEALTHINEERS;HSC;SHS HEALTHINEERS DIV NO ASSIGNED BU;HSCZZZ;2022-10-19T09:10:22.841Z
CORPORATE ITEMS;CIE;PROJEKT CHESS DO;CIT184;2022-10-19T09:10:22.841Z
CORPORATE ITEMS;ECI;CIT TECHNICAL;ECITEC;2022-10-19T09:10:22.841Z
SE CF, GP CI;GPC;GP BRAND FEE;SPG992;2022-10-19T09:10:22.841Z
CORPORATE ITEMS;CIE;TRE KONZEPT;CIT170;2022-10-19T09:10:22.841Z
GP T TRANSMISSION;GPT;GP T GRID AUTOMATION TECHNOLOGIES;SPG075;2022-10-19T09:10:22.841Z
ADVANTA;IOT;ADVANTA SOLUTIONS;IOT200;2022-10-19T09:10:22.841Z
SI SMART INFRASTRUCTURE;SSI;SI BSW BRIGHTLY SOFTWARE;SSI065;2022-10-19T09:10:22.841Z
SIEMENS ENERGY ASSETS;SER;SEA G PRODUCT OPERATIONS;SER011;2022-10-19T09:10:22.841Z
GLOBAL BUSINESS SERVICES;GBS;GBS ENERGY DO;GBSEDO;2022-10-19T09:10:22.841Z
CORPORATE ITEMS;ECI;SE SHARE OPTIONS;CIT003;2022-10-19T09:10:22.841Z
ADVANTA;IOT;ADVANTA DIV NO ASSIGNED BU;IOTZZZ;2022-10-19T09:10:22.841Z
SIEMENS ENERGY ASSETS;SER;SEA T SO TRANSMISSION SOLUTIONS;SER032;2022-10-19T09:10:22.841Z
GLOBAL BUSINESS SERVICES;GBS;GBS RECORD-TO-REPORT SERVICES;GBS300;2022-10-19T09:10:22.841Z
TCF - TRE SCU;ETR;TCF - TRE SCU DIV NO ASSIGNED BU;ETRZZZ;2022-10-19T09:10:22.841Z
CORPORATE ITEMS;CIE;HYPERINFLATION TRK CATCH UP;CIT797;2022-10-19T09:10:22.841Z
SIEMENS ENERGY ASSETS;SER;SEA I CONS OIL&GAS;SEROCO;2022-10-19T09:10:22.841Z
SMO MOBILITY;SMO;SMO MOBILITY DIV NO ASSIGNED BU;SMOZZZ;2022-10-19T09:10:22.841Z
SIEMENS ENERGY ASSETS;SER;SEA T GOODWILL TRANSMISSION;SERTGO;2022-10-19T09:10:22.841Z
SHS HEALTHINEERS;HSC;SHS DIAGNOSICS CONS;HSCDCO;2022-10-19T09:10:22.841Z
CORPORATE ITEMS;CIE;CORPORATE ITEMS DIV NO ASSIGNED BU;CIEZZZ;2022-10-19T09:10:22.841Z
CORPORATE ITEMS;CIE;MINT;CIT092;2022-10-19T09:10:22.841Z
POC SL;CMP;POC SIEMENS LOGISTICS;CMP019;2022-10-19T09:10:22.841Z
CF FINANCING - TRE SCU;TRE;CF F TREASURY;TRE039;2022-10-19T09:10:22.841Z
CORPORATE DEVELOPMENT OTHER;CDO;NEXT47;CDO100;2022-10-19T09:10:22.841Z
GP G GENERATION;GPG;GP G INP INDUSTRIAL PRODUCTS;SPG055;2022-10-19T09:10:22.841Z
TCF - TRE SCU;ETR;TRE TECHNICAL;ETRTEC;2022-10-19T09:10:22.841Z
CORPORATE ITEMS;CIE;ELECTRICAL INSTALLATION BUSINESS (EIB);CIT075;2022-10-19T09:10:22.841Z
CORPORATE DEVELOPMENT OTHER;CDO;TECHNOLOGY (W/O CENTRAL FUNDS);CDO002;2022-10-19T09:10:22.841Z
SIEMENS ENERGY EQUITY INVESTMENT;SEE;SIEMENS ENERGY EQUITY INVESTMENT DIV NO ASSIGNED BU;SEEZZZ;2022-10-19T09:10:22.841Z
GLOBAL BUSINESS SERVICES;GBS;GBS ENGINEERING;GBS910;2022-10-19T09:10:22.841Z
CORPORATE ITEMS;CIE;OTHER CARVE OUT PROJECTS;CIT083;2022-10-19T09:10:22.841Z
SI SMART INFRASTRUCTURE;SSI;SI TECHNICAL;SSITEC;2022-10-19T09:10:22.841Z
CORPORATE ITEMS;CIE;METALS;CIT182;2022-10-19T09:10:22.841Z
SIEMENS AG REMAINING;EER;SIEMENS AG REMAINING DIV NO ASSIGNED BU;EERZZZ;2022-10-19T09:10:22.841Z
CF FINANCING - TRE SCU;TRE;CF F TFA TRADE FINANCE ADVISORY;TRE038;2022-10-19T09:10:22.841Z
GP G GENERATION;GPG;GP G IGT INDUSTRIAL GAS TURBINES;SPG053;2022-10-19T09:10:22.841Z
TCF, PDI, PCF;GPF;FS CONS SPGFS;SPGFCO;2022-10-19T09:10:22.841Z
GP G GENERATION;GPG;GP G GENERATION DIV NO ASSIGNED BU;GPGZZZ;2022-10-19T09:10:22.841Z
CF FINANCING - TRE SCU;TRE;TRE FLENDER DO;TREFDO;2022-10-19T09:10:22.841Z
GP I INDUSTRIAL APPLICATIONS;GPI;GP I PR PRODUCTS;SPG061;2022-10-19T09:10:22.841Z
CORPORATE ITEMS;CIE;DARWIN;CIT087;2022-10-19T09:10:22.841Z
CF FINANCING - PENSIONS;PEN;PEN ORGANISATION;PEN007;2022-10-19T09:10:22.841Z
CORPORATE ITEMS;CIE;OTHER DO TOPICS;CIT185;2022-10-19T09:10:22.841Z
CORPORATE ITEMS;CIE;ZUKUNFTSFONDS;CIT758;2022-10-19T09:10:22.841Z
GP I INDUSTRIAL APPLICATIONS;GPI;GP I INDUSTRIAL APPLICATIONS DIV NO ASSIGNED BU;GPIZZZ;2022-10-19T09:10:22.841Z
FINANCIAL SERVICES;SFS;SFS EQUITY FINANCE;SFS054;2022-10-19T09:10:22.841Z
CORPORATE ITEMS;CIE;RESERVE 174;CIT174;2022-10-19T09:10:22.841Z
ADVANTA;IOT;ADVANTA DEVELOPMENT;IOT300;2022-10-19T09:10:22.841Z
TCF - TRE SCU;ETR;CF F TFA TRADE FINANCE ADVISORY;ETR038;2022-10-19T09:10:22.841Z
SIEMENS ENERGY ASSETS;SER;SEA T CONS TRANSMISSION;SERTCO;2022-10-19T09:10:22.841Z
SHS HEALTHINEERS;HSC;SHS CI CONS;HSCCCO;2022-10-19T09:10:22.841Z
SHS HEALTHINEERS;HSC;SHS VARIAN GOODWILL;HSCVGO;2022-10-19T09:10:22.841Z
SI SMART INFRASTRUCTURE;SSI;SI EP ELECTRICAL PRODUCTS;SSI047;2022-10-19T09:10:22.841Z
GP I INDUSTRIAL APPLICATIONS;GPI;GP I SO PROCESS SOLUTIONS;SPG062;2022-10-19T09:10:22.841Z
SMO MOBILITY;SMO;SMO CS CUSTOMER SERVICES;SMO050;2022-10-19T09:10:22.841Z
CORPORATE ITEMS;CIE;SIEMENS ENERGY;CIT085;2022-10-19T09:10:22.841Z
SI SMART INFRASTRUCTURE;SSI;SI DS DISTRIBUTION SYSTEMS;SSI040;2022-10-19T09:10:22.841Z
SHS HEALTHINEERS;HSC;SHS ME MEDICAL ELECTRONICS;HSC009;2022-10-19T09:10:22.841Z
SE CF, GP CI;GPC;SPG TECHNICAL;SPGTEC;2022-10-19T09:10:22.841Z
GP G GENERATION;GPG;GP G S SALES;SPG054;2022-10-19T09:10:22.841Z
GLOBAL BUSINESS SERVICES;GBS;GBS OPPORTUNITY-TO-CASH SERVICES;GBS200;2022-10-19T09:10:22.841Z
CORPORATE ITEMS;CIE;SEAS;CIT074;2022-10-19T09:10:22.841Z
SMO MOBILITY;SMO;SMO ENERGY DO;SMOEDO;2022-10-19T09:10:22.841Z
CORPORATE ITEMS;CIE;RESERVE 759;CIT759;2022-10-19T09:10:22.841Z
SMO MOBILITY;SMO;SMO YU INTELLIGENT TRAFFIC SYSTEMS;SMO011;2022-10-19T09:10:22.841Z
POC PORTFOLIO COMPANIES OTHER;SPC;POC OTH TECHNICAL;SPCTEC;2022-10-19T09:10:22.841Z
ADVANTA;IOT;ADVANTA OTHERS;IOT999;2022-10-19T09:10:22.841Z
CORPORATE ITEMS;CIE;SONDERTHEMEN CORPORATE ITEMS;CIT199;2022-10-19T09:10:22.841Z
ADVANTA;IOT;ADVANTA MAGELLAN;IOT998;2022-10-19T09:10:22.841Z
CORPORATE ITEMS;CIE;SOLAR;CIT064;2022-10-19T09:10:22.841Z
OO OTHER OPERATIONS;GPO;NEW ENERGY BUSINESS;SPG996;2022-10-19T09:10:22.841Z
SE CF, GP CI;GPC;SE CF, GP CI DIV NO ASSIGNED BU;GPCZZZ;2022-10-19T09:10:22.841Z
SI SMART INFRASTRUCTURE;SSI;SI DG DIGITAL GRID;SSI035;2022-10-19T09:10:22.841Z
CORPORATE ITEMS;ECI;SE SHARE MATCHING PLANS;CIT004;2022-10-19T09:10:22.841Z
SHS HEALTHINEERS;HSC;SHS AT ADVANCED THERAPIES;HSC003;2022-10-19T09:10:22.841Z
SHS HEALTHINEERS;HSC;SHS DX DIAGNOSTICS;HSC007;2022-10-19T09:10:22.841Z
CORPORATE ITEMS;CIE;SE BUSINESS;CIT340;2022-10-19T09:10:22.841Z
GLOBAL BUSINESS SERVICES;GBS;GLOBAL BUSINESS SERVICES DIV NO ASSIGNED BU;GBSZZZ;2022-10-19T09:10:22.841Z
CORPORATE ITEMS;CIE;COMPLIANCE SACHVERHALTE;CIT734;2022-10-19T09:10:22.841Z
CORPORATE DEVELOPMENT OTHER;CDO;BUSINESS EXCELLENCE;CDO320;2022-10-19T09:10:22.841Z
SIEMENS SRE ESTATE MANAGEMENT;SRE;SIEMENS SRE ESTATE MANAGEMENT DIV NO ASSIGNED BU;SREZZZ;2022-10-19T09:10:22.841Z
CORPORATE ITEMS;CIE;BRAND FEE – TOTAL;CIT172;2022-10-19T09:10:22.841Z
CORPORATE ITEMS;CIE;PORTFOLIO PLUG;CIT796;2022-10-19T09:10:22.841Z
GP G GENERATION;GPG;GP G LRE LARGE ROTATING EQUIPMENT;SPG051;2022-10-19T09:10:22.841Z
CORPORATE ITEMS;CIE;BOOST;CIT081;2022-10-19T09:10:22.841Z
SIEMENS ENERGY ASSETS;SER;SEA I SUS SUBSEA SOLUTIONS;SER026;2022-10-19T09:10:22.841Z
CORPORATE ITEMS;CIE;STEUERTHEMEN;CIT720;2022-10-19T09:10:22.841Z
SIEMENS ENERGY ASSETS;SER;SEA I SLN SOLUTIONS;SER024;2022-10-19T09:10:22.841Z
CORPORATE ITEMS;CIE;CALIFORNIA;CIT180;2022-10-19T09:10:22.841Z
CORPORATE ITEMS;CIE;SPEZIAL CFR 2 - M;CIT804;2022-10-19T09:10:22.841Z
SIEMENS ENERGY ASSETS;SER;SEA CI CONS;SERCCO;2022-10-19T09:10:22.841Z
CORPORATE ITEMS;ECI;RESERVE 010;CIT010;2022-10-19T09:10:22.841Z
POC PORTFOLIO COMPANIES OTHER;SPC;POC OTH ENERGY DO;SPCEDO;2022-10-19T09:10:22.841Z
TCF - TRE SCU;ETR;CF F CENTRAL ITEMS / HEADQUARTER;ETR030;2022-10-19T09:10:22.841Z
CORPORATE ITEMS;CIE;HOLDING ACTIVITIES;CIT601;2022-10-19T09:10:22.841Z
CORPORATE ITEMS;CIE;MAP REMAINING TOPICS;CIT072;2022-10-19T09:10:22.841Z
POC PORTFOLIO COMPANIES OTHER;SPC;POC PORTFOLIO COMPANIES OTHER DIV NO ASSIGNED BU;SPCZZZ;2022-10-19T09:10:22.841Z
CF FINANCING - PENSIONS;PEN;PENSIONS;PEN001;2022-10-19T09:10:22.841Z
CF FINANCING - TRE SCU;TRE;TRE TECHNICAL;TRETEC;2022-10-19T09:10:22.841Z
DI DIGITAL INDUSTRIES;SDI;DI TECHNICAL;SDITEC;2022-10-19T09:10:22.841Z
CORPORATE ITEMS;CIE;PCM PROJECTS;CIT084;2022-10-19T09:10:22.842Z
OO OTHER OPERATIONS;GPO;OO OTHER OPERATIONS DIV NO ASSIGNED BU;GPOZZZ;2022-10-19T09:10:22.842Z
SIEMENS AG REMAINING;EER;SER TECHNICAL;EERTEC;2022-10-19T09:10:22.842Z
CORPORATE ITEMS;ECI;SE STAND ALONE;CIT002;2022-10-19T09:10:22.842Z
SIEMENS ENERGY ASSETS;SER;SEA I CI OIL&GAS CENTRAL ITEMS;SER99O;2022-10-19T09:10:22.842Z
CF FINANCING - PENSIONS;PEN;PEN WATER TECHNOLOGIES DO;PEN002;2022-10-19T09:10:22.842Z
SMO MOBILITY;SMO;SMO CI CENTRAL ITEMS;SMO999;2022-10-19T09:10:22.842Z
SHS HEALTHINEERS;HSC;SHS DI DIAGNOSTIC IMAGING;HSC001;2022-10-19T09:10:22.842Z
DI DIGITAL INDUSTRIES;SDI;DI MC MOTION CONTROL;SDI020;2022-10-19T09:10:22.842Z
GP G GENERATION;GPG;GP G SCD GENERATIONSERV.CONTROLS&DIGITAL;SPG05C;2022-10-19T09:10:22.842Z
SIEMENS ENERGY ASSETS;SER;SEA T SE TRANSMISSION SERVICE;SER038;2022-10-19T09:10:22.842Z
CORPORATE ITEMS;CIE;MD STAND ALONE;CIT080;2022-10-19T09:10:22.842Z
GP T TRANSMISSION;GPT;GP T CI TRANSMISSION CENTRAL ITEMS;SPGT99;2022-10-19T09:10:22.842Z
SHS HEALTHINEERS;HSC;SHS TECHNICAL;HSCTEC;2022-10-19T09:10:22.842Z
POC SL;CMP;POC SL DIV NO ASSIGNED BU;CMPZZZ;2022-10-19T09:10:22.842Z
CORPORATE ITEMS;CIE;SONSTIGE RG (EX OOP-PROJECT);CIT076;2022-10-19T09:10:22.842Z
CORPORATE ITEMS;CIE;SONSTIGE PERSONALTHEMEN;CIT740;2022-10-19T09:10:22.842Z
SIEMENS SRE ESTATE MANAGEMENT;SRE;SRE ENERGY DO;SREEDO;2022-10-19T09:10:22.842Z
ADVANTA;IOT;ADVANTA HEADQUARTER;IOT001;2022-10-19T09:10:22.842Z
FINANCIAL SERVICES;SFS;SFS ENERGY DO;SFSEDO;2022-10-19T09:10:22.842Z
TCF - TRE SCU;ETR;TCF OTHERS;ETR999;2022-10-19T09:10:22.842Z
TCF - TRE SCU;ETR;TCF INSURANCE CELL;ETR036;2022-10-19T09:10:22.842Z
CF FINANCING - PENSIONS;PEN;PEN YUNEX HFD;PENYUN;2022-10-19T09:10:22.842Z
CORPORATE ITEMS;CIE;SEC ISRAEL;CIT733;2022-10-19T09:10:22.842Z
SIEMENS ENERGY ASSETS;SER;SEA G CI GENERATION CENTRAL ITEMS;SER99G;2022-10-19T09:10:22.842Z
CORPORATE ITEMS;ECI;SE BOARD OFFICE;CIT001;2022-10-19T09:10:22.842Z
GLOBAL BUSINESS SERVICES;GBS;GBS TEMPORARY PERSONNEL;GBS101;2022-10-19T09:10:22.842Z
CORPORATE ITEMS;CIE;GOVERNANCE CENTRAL SAG;CIT310;2022-10-19T09:10:22.842Z
SHS HEALTHINEERS;HSC;SHS IMAGING CONS;HSCICO;2022-10-19T09:10:22.842Z
OO OTHER OPERATIONS;GPO;OO CONS SPGBO;SPGBCO;2022-10-19T09:10:22.842Z
CF FINANCING - PENSIONS;PEN;PEN METALS TECHNOLOGIES DO;PEN003;2022-10-19T09:10:22.842Z
CF FINANCING - TRE SCU;TRE;CF F OTHERS;TRE999;2022-10-19T09:10:22.842Z
SIEMENS SRE ESTATE MANAGEMENT;SRE;SRE FLENDER DO;SREFDO;2022-10-19T09:10:22.842Z
SHS HEALTHINEERS;HSC;SHS VARIAN;HSC012;2022-10-19T09:10:22.842Z
SI SMART INFRASTRUCTURE;SSI;SI RSS REGIONAL SERVICE AND SOLUTIONS;SSI030;2022-10-19T09:10:22.842Z
SIEMENS ENERGY ASSETS;SER;SEA ACC ACCELERATOR;SER996;2022-10-19T09:10:22.842Z
SIEMENS AG REMAINING;EER;SIEMENS AG REMAINING;SER001;2022-10-19T09:10:22.842Z
SMO MOBILITY;SMO;SMO RI RAIL INFRASTRUCTURE;SMO010;2022-10-19T09:10:22.842Z
DI DIGITAL INDUSTRIES;SDI;DI SW SOFTWARE;SDI030;2022-10-19T09:10:22.842Z
CORPORATE ITEMS;CIE;FURTHER PROJECTS;CIT078;2022-10-19T09:10:22.842Z
FINANCIAL SERVICES;SFS;SFS COF COMMERCIAL FINANCE;SFS050;2022-10-19T09:10:22.842Z
CORPORATE ITEMS;CIE;CIT FLENDER DO;CITFDO;2022-10-19T09:10:22.842Z
CORPORATE ITEMS;ECI;RESERVE 007;CIT007;2022-10-19T09:10:22.842Z
SIEMENS SRE ESTATE MANAGEMENT;SRE;SRE GERMANY;SRE001;2022-10-19T09:10:22.842Z
DI DIGITAL INDUSTRIES;SDI;DI DIGITAL INDUSTRIES DIV NO ASSIGNED BU;SDIZZZ;2022-10-19T09:10:22.842Z
OO OTHER OPERATIONS;GPO;SE VENTURES;SPG99U;2022-10-19T09:10:22.842Z
SIEMENS ENERGY ASSETS;SER;SEA OI OTHER ITEMS;SER991;2022-10-19T09:10:22.842Z
SMO MOBILITY;SMO;SMO TK TURNKEY;SMO020;2022-10-19T09:10:22.842Z
CORPORATE ITEMS;CIE;SONSTIGE THEMEN 7020;CIT799;2022-10-19T09:10:22.842Z
CORPORATE DEVELOPMENT OTHER;CDO;INTERNET OF THINGS;CDO330;2022-10-19T09:10:22.842Z
FINANCIAL SERVICES;SFS;SFS OTHERS;SFS999;2022-10-19T09:10:22.842Z
ADVANTA;IOT;ADV ENERGY DO;IOTEDO;2022-10-19T09:10:22.842Z
CORPORATE ITEMS;CIE;AIS BRASIL;CIT794;2022-10-19T09:10:22.842Z
POC PORTFOLIO COMPANIES OTHER;SPC;POC OTH LDA INDUSTRIAL APPLICATIONS;SPC050;2022-10-19T09:10:22.842Z
GLOBAL BUSINESS SERVICES;GBS;GBS HIRE-TO-RETIRE SERVICES;GBS500;2022-10-19T09:10:22.842Z
CORPORATE ITEMS;ECI;SE DIV. CENTRAL TOPICS;CIT006;2022-10-19T09:10:22.842Z
CORPORATE ITEMS;CIE;SHARE MATCHING PLAN;CIT711;2022-10-19T09:10:22.842Z
OO OTHER OPERATIONS;GPO;OO CI OTHER OPERATIONS CENTRAL ITEMS;SPGB99;2022-10-19T09:10:22.842Z
CORPORATE ITEMS;CIE;LEGAL & REGULATORY HUNGARY;CIT793;2022-10-19T09:10:22.842Z
FINANCIAL SERVICES;SFS;SFS PS DEBT AMERICAS;SFS053;2022-10-19T09:10:22.842Z
CF FINANCING - PENSIONS;PEN;PEN ENERGY DO;PENEDO;2022-10-19T09:10:22.842Z
SHS HEALTHINEERS;HSC;SHS VARIAN CONS;HSCVCO;2022-10-19T09:10:22.842Z
SI SMART INFRASTRUCTURE;SSI;SI ENERGY DO;SSIEDO;2022-10-19T09:10:22.842Z
CORPORATE ITEMS;CIE;DIVIDENDEN/FINANZANLAGEN (NO KONS);CIT100;2022-10-19T09:10:22.842Z
SIEMENS SRE ESTATE MANAGEMENT;SRE;SRE INDUSTRIAL PARKS;SRE005;2022-10-19T09:10:22.842Z